Source_id,Sentence_en
1,It also helps to troubleshoot errors for Eclipse programmers.
2,"""As it is written, We also have the faith-spirit of faith, and believe: and they shall say, We have the spirit of faith; as it is spoken."""
3,Then it will automatically search for the driver. I will click on Cancel.
4,"For all iterations, the iterator is set to the index value of each iterator. 1.1 then 1,2 and so on."
5,"""And when he had opened the second seal, I heard a voice saying, Behold, the second living creature cometh."""
6,We have learnt that objects store their positions in fields.
7,Boy has trust in you all.
8,You may be amazed by observing nature.
9,"""And his affection abounds much toward you, when he remembers how ye disobeyed him, and received him with fear and trembling."""
10,"""During the rainy season, a portion of the water enters the earth as dry water. Then it gathers together and becomes ground water."""
11,They will see the book.
12,Grandfather came back from the library.
13,Go back to the upper limit and click on 7 in the tab from 0 to 9.
14,The align and distribute dialog box opens on the right side of the interface.
15,Click on the line number to set the breakpoint.
16,We have done the same here as we did for Borrowed Books.
17,"""Classical period is defined by Patanjali's Yoga Sutra, the first systematic presentation of Yoga."""
18,They all fell.
19,"Apache, MySQL and PHP obtained through XAMPP 5.5.19,"
20,"Here, we can assign a proper heading to our document."
21,Army is following them.
22,1. What are the types of cells?
23,We can add a shortcut to the launcher.
24,The height of the shed should be such that it is too high to store it and the village cannot eat it.
25,"Various advanced materials are also used in the manufacture of everyday objects such as cutting tool, typewriter, telephone, refrigerator, television and vehicles."
26,You can also get rid of some insects and other pests.
27,"""Keep every aspect ready."""
28,Boy displays affection in you.
29,"""As thou knowest, that all that are of Asia have forsaken me: among them are Phugelus and Hermogenes."""
30,"For this tutorial, I am using the title of Indian Journal of Microbiology."
31,"Publisher, Collection title,"
32,The second step is to place the legs in pairs.
33,"I select the shortcut Brush, de-select the Gradient and select my preferred colours."
34,"Next, we will forward it to the successUser page."
35,Plants grow by other rules.
36,"""Therefore ye are no longer strangers and sojourners, but fellow citizens with the saints, and citizens of God."""
37,The tribal dances are usually performed in groups and wears special costumes on this occasion.
38,"""For there is neither Jew nor Greek: for there is one Lord of all, who is the mouth and mouth of all."""
39,"To avoid these problems, remove harmful plants in your garden area."
40,"To close Basket (Order),"
41,Cook it in moisture - idli.
42,"""Then, aroused by the news of Shurpanaka, he killed Rama and his followers in the battle, who came to fight in Khruddushan Trisharadine."""
43,This brings us to the end of this tutorial.
44,These are methods and constructors.
45,Pandavas also chanted conch.
46,"To read data in a file e.g. fp = fopen(Sample.txt, r);"
47,"For details, please write to contact @ spoken-tutorial.org."
48,"Now, click on the password for Moodle Administrator. Follow the password guidelines shown here."
49,"When extracted, I will rename the FrontAccounting file as account."
50,"""And all the Gentiles, and all the people of Israel, were in the assembly."""
51,Welcome to Meet the GIMP tutorial.
52,It should be declared before using a variable.
53,Let us see the frequency of jdk.
54,"As we can see, Course Category is Mathematics."
55,Let us see how to create a simple Java web project using NetBeans IDE.
56,"Yes, it is the death of Acharya Drona."
57,We are moving.
58,"But for the sake of convenience, I will just fill in duck for Full Name and leave the rest of the details blank by pressing Enter."
59,Sit or stand in a comfortable position.
60,"""And as they walked, the people spread their garments in the way."""
61,Type INKSCAPE in the perspective.
62,Type u and press Enter.
63,Let us work through the next for loop.
64,See you next week. See you again.
65,Clean the area where weeds and other foods are stored.
66,Covered with a blanket. Covered in a blank.
67,"If you do not have good bandwidth, download it and watch it."
68,Use binomial stitches and join one stitch with another stitch to create a sturdy stitch.
69,Let the back of the left arm be in contact with the spine while the right arm rests in contrast to the spinal cord.
70,Change the name of the layer to CD template.
71,Treat a wide variety of waterborne diseases.
72,The enemy is covering.
73,Right-click the Databases node in the Services window.
74,An error occurs here.
75,We will stay here.
76,"""And it came to pass on the eighth day, that they came to circumcise the boy, and to name him Zacharias, after his father's name."""
77,The control then moves to displayMessage.
78,We can now add it to the document.
79,Women decorate.
80,Is it necessary to read Geeta today?
81,"""Although there was no success there, it was made of any metal like a golden diamond."""
82,"""Tighten the knees to the ground, pull the abdomen in and sit back while resting on the heels, tilting the buttocks."""
83,We will then call the removeFromCheckout method.
84,The child will receive sutura.
85,"""However, in the Lord woman is without man, and woman is not without man."""
86,Make a list of sewing tools and sewing specifications by hand.
87,4. The leaves are usually green in colour which helps the plants make food.
88,"To get out of her box, I just click on it."
89,We were making a rectangle.
90,Hanumatta learnt about Sita in Lanka.
91,"In this brief tutorial, we have learnt about subclassification and method overriding."
92,"""There is a certain Demetrius whose name is despised, because he made the temple of Artemis, the goddess of the silver, a patron of all the craftsmen, and made a profit of them all."""
93,This tutorial is designed to teach the nutritional and health benefits of various types of cooking and socially useful foods.
94,Let us learn how to install software using Synaptic Package Manager.
95,These can be single-cell or multicellular.
96,Click on the View this Journal Entry link.
97,Who is the spider?
98,She listens.
99,"For example, [abc] indicates that it is a regular expression a or b or c."
100,"They also had access to water for drinking, cooking, washing clothes and other functions."
101,"""Which none of the rulers of this age hath known: that, when it is known, they may not crucify the glorious Lord."""
102,We can see that we also use food to express nature.
103,"""Then he cast them out of the synagogue, saying,"""
104,"""But he answered and said unto them, He that made me well said unto me, Take up thy mat, and walk."""
105,Go to where the logo is saved.
106,"Sitting Asanas: Siddhasana, Gomo Sukasana, Madhamasayendra, Mayurasana."
107,These are asanas.
108,Krishna is omniscient.
109,Monkey throws fruit.
110,Who are the warriors?
111,Click on Arrange at the bottom right.
112,They motivate the senses.
113,"""This was the third time that Jesus appeared to his disciples, after he had risen from the dead."""
114,There are many rooms in this house.
115,"Let us now add a Service tax. Before that, we have to create a GL Account for Service Tax."
116,"In the old tutorials, we learnt a bit about bookmarks."
117,Now press Enter. Type dot slash if1 to execute. Press Enter.
118,Let us learn about Input/Output functions and Time-stamp functions.
119,"Next, we will parse id to book_id as Integer."
120,"""But in the time when the seventh angel shall sound his trumpet, when he shall sound, the mystery of God shall be fulfilled, as he spake unto his servants the prophets."""
121,"But to redirect the error stream, you have to use 2 right angle brackets or 2 double right-angle brackets."
122,Now we can see their names in the user id.
123,"""Vishvatam Vishvattam: One who is the spirit of the triune spirit."""
124,But we can send a maximum of 500 names a day.
125,"This class should have variables representing the following details: Name service area,"
126,You two are cousins.
127,MARICH: Who was he?
128,Save the system and run it. We can see that the value is zero.
129,"In the sub-field a, Classification number, type 660.62."
130,Let us see some common errors.
131,It improves blood circulation throughout the body.
132,How about an index sequence test in any multidimensional array?
133,Create an odd circle of pink and a black circle.
134,Error dialog box and Shortcut keys.
135,Let's come here. Let me delete it. Now I will add a figure.
136,You must have heard the name of D.D.T. etc.
137,"Here, we can see that all the write permissions have been removed."
138,Read the License Agreement carefully.
139,It contains the required packages for preparing LaTeX's primary documents on Windows and TeXworks is the latest editor available for MikTeX.
140,We can see block diagrams without mathematical expressions.
141,We both must speak.
142,The Internet connection should be accurate.
143,And the program will not be finished.
144,"""To lower the legs, lean the knees on the elbows with the use of brushes."""
145,This simple line is the cornerstone of your drawings.
146,Krishna mounted the chariot.
147,This is explained in the Spoken Tutorial that I have created on creating equations.
148,The Spoken Tutorial Project is part of the Talk to a Teacher project.
149,Koha automatically selects Spoken Tutorial Library.
150,"""And when all that were in the council had gazed intently at him, they saw his face as the face of an angel."""
151,Go to the browser and open your Moodle site.
152,You can type in your journal title.
153,And these keys are used in other selection tools.
154,More information on this mission is available at this link.
155,"However, do not use Internet Explorer because it does not display properly."
156,"In the prompt, type the date space plus percentage symbol as small as h and press Enter."
157,Let us see what the interface is.
158,Name the simplest and most subtle organism on earth.
159,Move the fingers backwards.
160,"""Father, glorify Thy name, and I will glorify it: and the voice of the Father said, At that time shall there be a voice from heaven, Which saith, I will also glorify my name."""
161,"""Some common types of paper used in food environments include: Platinum paper, Bustardtick paper, Rhenicum cucumber paper, Caltropis paper, Caster paper, Seahitmilk paper, Lotus paper, Dahathanscriptupin paper, Stereo and Shapamsavoling paper etc."""
162,"""In those days shall men seek death, and shall not find it: and shall seek their souls, and death shall flee from them."""
163,I thought.
164,ENVIRON- Shell environment variables and their array of values.
165,We have placed this part outside. There is someone sitting there.
166,It has a GUI for using apt-get command line.
167,Place the elbows about 10 inches apart. Place the hands in between the knees.
168,Let us see what is in the Awkdemo.txt file.
169,"""Then he saith, Behold, it is done for them: and the second passeth away first, that the word may be established."""
170,Explain the meaning of folk dance
171,So I can drag the black point to this point.
172,Extract the gene HIV1gp3 at locations 4587 to 5165 in the HIV genomic sequence.
173,"""Then said Jesus unto them plainly, Lazarus is dead."""
174,"""For whosoever doeth evil, when he seeeth his works, he cometh into the light, and cometh not near to the light."""
175,Let us see how to execute the system.
176,Now click on OK and close the dialog box.
177,It summarizes the Spoken Tutorial project.
178,"Next, I select Step Over. The imported value in the constructor is set to 10."
179,Read meditation shlokas.
180,What is cooking in your house today?
181,Welcome to the spoken tutorial on grep command.
182,"Next, under Description, we will see 2 fields: Course Summary and Course Sommary files."
183,It is a Lokyanam.
184,"This is what includegraphics, color packages use. To keep this requirement in mind, we make a statement to LaTeX."
185,Let us use the cout statement instead of the printf statement because we are using cout<<< function to print a line in C++.
186,3. Galvilatum receives a joint-like organ in the stomach after eating food.
187,Describe the traditional remedies used in water purification.
188,"So, I will select the divider and fix the errors."
189,"""Where space studies, the movement of planets, the calculation of eclipses, the computation of orbits, etc. are discussed in detail."""
190,"So, while doing this exercise, your rate of inhalation should also be 30 to 35 breaths per minute."
191,"Spoken Tutorial Project is a part of the Talk to a Teacher project supported by the National Mission on Literacy through ICT, MHRD, Government of India."
192,The Spoken Tutorial Project Manager conducts workshops using spoken tutorials.
193,"""Neither is it so, but he giveth gifts: for he saith, The Spirit is the enemy of the proud: but the Spirit gives gifts to the needy."""
194,Sattva: One in whom there is supreme virtue of bravery.
195,Slowly bend the right hand to the right side until it reaches the right leg.
196,Teacher summons the children.
197,Write two types of cleansing for outer organs.
198,"""And they were filled with wrath, and laid hold on the apostles, and bound them, and cast them into a lowly prison."""
199,"So, I will create a new layer and name it as white and select White in Layer Fill Type and immediately I will reduce the value of opacity so that we can see through the image."
200,"""Avatam: One who is in His Majesty."""
201,Some tribal dances of India can be described with examples.
202,Now add the using statement.
203,Enough.
204,There should be enough room to play this game.
205,"""Careful ye therefore how ye hear: for whosoever shall have as much as he hath, he shall have more; but as he will not have, even what he hath shall he have."""
206,We have not initialized the values of the variables.
207,Now double-click on ctrl and z keys and disable this function.
208,Click on Selector tool.
209,I will give this stuff to you.
210,"""As you inhale, your abdomen exits and as you exhale, the abdomen sinks."""
211,We will now invoke the Show Data method to print the enrolment details.
212,Click on the View menu and select Properties option.
213,This tutorial is recorded using Maximum Resolution for efficient use of the tools.
214,It automatically calculates Total 4000 and Actual cost as 0.00.
215,Using and setting guidelines
216,The Provision field is used by a Sales Person.
217,"""Then said the disciples unto him, Where shall we get bread, that we may feed the dead in this wilderness?"""
218,Boy has friendship in that.
219,The video shown here is a Videos application.
220,"""As it is written in the book of Hosea, He that was not of me, I will call him my own; and him that was my beloved, whom I loved, I shall call beloved."""
221,You can also install KTouch from the Ubuntu database.
222,Boy believes in these.
223,For Grace period: I will select 15 day(s).
224,"""I know thy works, and thine affliction, and thy hardship: how thou art rich, and the reproaches of them that say that they are Jews, and are not Jews, but a synagogue of Satan: behold, I know them."""
225,Lord Krishna says in Geeta:
226,It is a physical exercise in which a person runs at a single pace.
227,"In the following sentences, indicate what is pure or not."
228,"""But the things that come out of the mouth go forth from the heart, these are the things which go forth out of a man's heart, and those things go into him."""
229,"In the prompt, type the date space plus percentage symbol, greater than T and press Enter."
230,"""The king summoned some Brahmins and said, 'My mother's last wish was to offer mangoes to the Brahmanas.'"
231,"""And the whole hill was turned into a wilderness."""
232,Do you know Geeta?
233,The next setting is Hidden sections. These are hidden topics for students in the course.
234,Those two are bastards.
235,The first step here is General Ledger Account Classes.
236,"""For he was once absent, and in his ways was wicked, and despised you, but now hath he reconciled you with him in the flesh through the death of his body."""
237,But this is not the case with bad guys.
238,"""Salute Tryphena and Tridentrophos, who work hard in the Lord. Salute my beloved Persis, who has worked hard for the Lord very much."""
239,"""It is a relaxed, continuous and peaceful exercise."""
240,"""Most human actions are in harmony with nature and have no negative impact on nature."""
241,It should not cause any overwhelming movement or movement which can disturb the body and spine.
242,The product of 5 and 2 is 10.00)
243,Son - What is going on between them?
244,"As we open it, we see maths.pdf_t in the emacs editor."
245,Feel the movement in all parts of the body.
246,"""Know, O house of Israel, that the Lord our God is one Lord."""
247,"""There are also many mantras in Vedic texts such as Rigveda, Yajurveda, Maitrai Sanskrit, Ghojasuktam Smriti, Dharmasutra, Gowa."""
248,Click twice to see the contents of the folder.
249,Look at the shape of two square handles and two circle handles or arch handles.
250,"""When food is placed on a table in front, it is called a buffet arrangement."""
251,"""With them the apostles and elders, and brethren of the Gentiles, which are at Antioch and in Syria and Cilicia, Greetings."""
252,These are soldiers.
253,"However, for security reasons, it should not be direct accessed to the web."
254,"""Then Paul, having called one of the centurions, said unto him, This young man hath a request of thee to the captain; go henceforth."""
255,"If I always forget something new, then I do it."
256,Google Calendar.... etc.
257,"""While the fire was burning, all the people stood outside praying."""
258,Then click on Koha Administration.
259,Smell of sansam.
260,"""For this is why I wrote you, that I might test you, and see whether ye are obedient in all things."""
261,A new page opens.
262,"It is also mandatory to have terminal, text editor, synaptic cache manager on Linux."
263,"For example, in a two-dimensional array, an element is identified by two index sequences."
264,Those are Sanskrit houses.
265,Save the image as a .cml file.
266,Type 4.
267,Some people make objects in a small space in the house with essential objects.
268,It increases concentration and calms the mind.
269,"In the practice of bhramari, use 'na-kara' and not 'ma-kara'."
270,"""By faith they conquered kingdoms, exercised righteousness, received the rewards of promises, shut up the mouths of lions,"""
271,"""Then the disciples came to him, and said, Why speak ye to them in parables?"""
272,Add the number 2 before the name.
273,We have to open the terminal.
274,Let's try to delete the asterisk now. Type the slash icon to remove the Asterisk.
275,"""Food Distribution India is a country of diversity and unity. India has diversity in languages, geographies, climates, religions and cultures. In the same way, food is also diverse."""
276,"As you can see, this does not solve the curve design."
277,Click on the newly uploaded file.
278,"""Then came certain Jews from Antioch and Iconium, and persuaded the multitude: and when they had stoned Paul, they dragged him out of the city, knowing that he was dead."""
279,"As a result, some of the images will look good."
280,How to create a simple web application
281,"But I can change that by changing the color. To do so, there is a shortcut key X and I will make it a bit darker here."
282,But a non-static block cannot be parameterized.
283,It can be started with the main method.
284,I am using Firefox web browser and an active Internet.
285,Let us see how the code works.
286,"""1. The seeds are sown in such a way that they receive the right amount of water, oxygen and heat."""
287,"""Then came the servants of the owner of the house, and said unto him, Sir, didst thou have good seed in the field? Didst thou not gather wildly?"""
288,Skills of ordinary hand sewing
289,"""After John was put in prison, Jesus came into Galilee, preaching the gospel of God,"""
290,Let us see how the code works. Save and run.
291,"Go to the menu items for the applications, Programming and Netbeans IDE icon."
292,"""Which thou shalt have in thee a blessing, that thou mayest receive reward in the resurrection of the righteous, and of the unrighteous."""
293,And I will show you the code for this.
294,Rama confronts Ayodhya.
295,"""And there he found a man named Aeneas, who had been in bed many years with a paralytic,"""
296,"Next, we iterate by the result set."
297,The output shows the number of alignments in the dna2 sequence.
298,"GIMP uses a number of smaller windows, like Windows and Macintosh programs."
299,"Food by definition is any of the nutrients we eat and drink, provided that it supplies nutrients to our body."
300,Let us go to the place where we want to place the box.
301,"""And when he asketh for bread, he giveth him a stone: or when he asks for a fish, he gives him a serpent."""
302,Make a tight fist forwards with the palms.
303,"Now let us learn how to give a stroke or outline to an object. First of all, we should use the Stroke paint tab."
304,"Bharata went to Rama, the great supreme being, and prayed with fervent fervor."
305,Scroll down and click on Save and display button at the bottom of the page.
306,"Right-click on Open. Select Events, Action, Action Performed from the context menu."
307,"""And when the evening was come, Jesus stood there with the twelve."""
308,Today cows are worshipped.
309,"""For I tell you the truth, all the blood of the prophets from the foundation of the world will be found on this generation."""
310,"""Who is it, O thou that reproachest a servant? He that shall be exalted above his master in his stead, or he that shall come to him in stead: for God is able to make him steadfast."""
311,And close the document.
312,"""Garuvar Bhavan said the Sun is a star, so why is it not visible at night? Why do the stars shine at night?"" Raja asked."
313,"Next, we will call incrementAvailableCopies."
314,Now go to 310 CURRENT PUBLICATION FREQUENCY.
315,There are mosquitoes all around the pond.
316,Each worker has to dig in the soil and qualify the airflow for it.
317,Start by gazing at both the fingers.
318,"""And there arose a dispute among them, which of them should be regarded as greater."""
319,"""Keep the hands slightly apart from the cheeks, the palms upwards."""
320,The snake enters the bushes.
321,"""For my spirit is exhausted, and the hour of my departure is come to an end."""
322,Those are necks.
323,"""The breathing process of the abdomen, trunk and buttocks is called full compound breathing."""
324,"In this way, we can see and understand the objects around us."
325,We are now in the Welcome page.
326,"So, I will go to a Sanskrit camp to study Sanskrat."
327,Right-click on the Exit menu item.
328,"Lesson, e.g. A Lesson b (a < b)"
329,We will learn about other options in the align and distribute dialog box in the following tutorials.
330,This output comes with a++ input from you.
331,It executes the internal statement as long as the condition is true. Then it is incremented and the loop is repeated.
332,It is now known that both the objects are selected.
333,This is why milk should not be used in meals.
334,Add the final keyword to the name variable. We have now changed the variable name to final.
335,"Now I have all the brushes in my brush section. So, I close the Archive Manager and close the file here and come back to the GIMP."
336,"This command gives us the number of blank lines because every time we see a blank line, x will be printed by multiplying it."
337,He taught everyone the politics of war.
338,Let us now define the showDetails method. Then type: public void showDitails( )
339,Click on Add stop to add another color between them.
340,"""But thou, when thou givest, know not what thy right hand doeth, nor what thy left hand knoweth."""
341,"""And having a high priest over the house of God,"""
342,We have learnt that a member of a class can be formed by combining variables and methods.
343,We must also protect the rich from thieves - violent predators.
344,"For example, we will place it in the center environment directly opposite."
345,Sky: (space)
346,Boys listened to the story.
347,"""Then he sent him to him in the palace of Herod the tetrarch."""
348,"""And heal therein the sick, and preach unto you the kingdom of God."""
349,"I will type Patel, Arvind H."
350,This dance is performed in the months of October-November to showcase the abundance of animals.
351,I will leave the Shipping cost blank.
352,We have already deleted processRequest.
353,This puts the short-term quiz on the opening page on a given date.
354,Let us use the Greater dial operator.
355,You are Vindi.
356,"Lastly, click on Save changes button and then on Done button."
357,Click on the Units drop-down list. We can change it as per our requirement.
358,"When logged in, the details of what people want to see are stored in the blocks."
359,"""He was shocked to see the place where he lived, it was very dirty."""
360,Soldiers die on the battlefield.
361,It is very useful in improving vision.
362,There are a thousand kinds of living things on earth.
363,Click on the drop-down list of the Blind Mode. There are 5 options.
364,Do not select any other option.
365,And the second reason is that the soil should be irrigated according to the amount of soil. If there is less water in the area with rainfall then there should be more water if there is no rainfall.
366,"""For if the body were only one member, where would it be in the body?"""
367,Type return 0; and keep the curly brackets closed.
368,Divide the following categories of animals:
369,"""Mother cooks a variety of dishes every day and on festivals, which we enjoy eating."""
370,Spoken Tutorial Project is a component of Talk to a Teacher.
371,"Now, in Terminal, type:"
372,"To optimize, select Auto Optimization Tool in the toolbar."
373,These options are disabled for flood text.
374,"""Two days later Paul called in the rulers of the Jews, and when they were assembled, he said unto them, Brethren, when I had done nothing against the customs of our nation, or against the traditions of our fathers, yet the men of Jerusalem delivered me captive into the hands of the Romans."""
375,"In Screen mode, the colors are first contrasted and then multiplied, divided and complex."
376,I will select the Scale tool and save the aspect ratio. I will drag Scale window from the section.
377,Boy displays compassion in them.
378,Krishna's devotees do not bow down.
379,A lesson assignment
380,Lord said Durgabhwat: Rama's name is a thousand name.
381,Humans have primal limbs.
382,"Under Categories, select Java."
383,"""Am Guruvar, this is a circle diagram of the earth."""
384,"""Give not unto the Gentiles the holy things freely, and cast no freewill before the wolves: lest, when they cast them out, they may trample them all on their feet, and you in your turn may be freed."""
385,"As we can see, this condition creates confusion."
386,Let us see what happens if n is equal to 0.
387,"For self-tutorials,"
388,Select the Start Date and End Date of the exchange to see the return.
389,All the universe is surrounded by fire in the form of energy.
390,Now I want to resize the image.
391,The Create Table dialog opens.
392,Boy displays modesty in being.
393,Who are all around you?
394,But a static method can only access and modify static variables.
395,"""In this Veda, rice is given with more milk to help you acquire knowledge through prayer and prayer."""
396,"Here, another indicates that we want to run Apache instance."
397,We see a square handle and a circular handle on the image.
398,Let us see the difference between instance method and static method.
399,"""For their hearts were hardened, so that they could not have eaten and drunk."""
400,Here you can see Created With GIMP and Loop forever.
401,It is called as Villamacharya.
402,He will eat only the fruit.
403,Select the Bookmarks toolbar from the Folder drop down menu.
404,This is our header file stdio.h.
405,Mixed
406,You have visited the country.
407,And it is not less than 40.
408,Halstein Friessian - It is a sweet-brown cow.
409,"""For death reigned from Adam until Moses, even over them that sinned not, even as the transgression of the first man: for this man was the manifestation of him that would come."""
410,"But you can control sharpening if you do it yourself using GIMP. In this tutorial, I will show you how to do this."
411,Let us change the header file 'stdio.h' to 'iostream'.
412,This is a chariot.
413,You are a spokesperson.
414,"""James and John his brother Andrew, Philip, Bartholomew,"""
415,Some healthy adults shake as many as six times in a minute.
416,And type the file name as ST-CD-label and click on Save.
417,"""We speak as though we were weak: I will speak in a foolish way, as if any man should boast that he is boasting, he shall boast also of me."""
418,Click on the Calculus course. Scroll down to see the course details. Click on Enrolled Users.
419,"""For God has given them over to lust after their own lusts; for their women deformed themselves to their own husbands in disobedience."""
420,Do not create the main class but set it as the main project.
421,Then click on Add random question button.
422,There are devotees all around the temple.
423,"In this tutorial, we will learn to set Global System Preferences to customize Library OPAC."
424,"Next, let us see what the Status bar does."
425,"""I charge Christ Jesus to be the end of the circumcision, that by the mercy of God he might be glorified among the Gentiles: as it is written, I will bless thee, O God, in thy name, in the sight of Gentiles."""
426,1. What other name is nutrition?
427,Yogi searches for God everywhere.
428,"""If I had not come and spoken to them, they would not have had sin: but now have they no remission of their sin."""
429,Tutorials: Questions
430,"From the drop-down, I will select Author (A-Z)."
431,A single peacock needs a place to live.
432,"""Take up the sufferings with me, as a good soldier of Christ Jesus."""
433,"""And it came to pass, as they cried out to one another, he went to Moses, and urged them to reconcile them, saying, Lord, why do ye wrong one to another, brethren?"""
434,Your assignment schedule
435,Let us use this command.
436,The Spoken Tutorial Project Manager conducts workshops using spoken tutorials and gives certificates to those who pass.
437,"Function call by value ,"
438,Prana Asana is to lie down with the force of the abdomen facing downwards.
439,You can also open your own tannery or take over the workload from the textile industry.
440,Why is it that the script overrates the tables?
441,Teacher teaches everything.
442,"""But it is not that the word of God has failed: for not all that are of Israel are Israel."""
443,System.out.println(n); then increment n = n + 1;
444,"""Who shall accuse the elect of God? He that justifieth them, will he accuse them?"""
445,Hold the top of the thread and bring the thread back to where it was brought before.
446,"""And they crucified him with him, and with him both his left feet, and his right feet."""
447,Who killed the boy?
448,"""And the Lord said, Simon, behold, Satan has sought thee, even as wheat, to cast out devils out of thee."""
449,Line spacing should be 1.50
450,"""For out of the midst of man's heart is uncleanness, and fornication, and filthy debauchery."""
451,"Press CTRL, ALT and T keys to open the terminal."
452,We have to do it.
453,The rest of the code is provided by our switch.c program.
454,The next tool is called Intelligent scissors or Scissors selection tool.
455,"""And he that was afflicted with uncleanness drew near, and was healed."""
456,Bhishma visits Ganga.
457,E267 represents the value of Employee ID and 10000 represents Employee salary.
458,"""And when he looked in, he saw the clothes laid therein, but went not in."""
459,Log out your current session as Database administrative user.
460,He learns Sanskrit.
461,Learn about the different types of Asanas in this series.
462,"""Asanas to be performed with back pain such as Vikaskarani, Sarangasana, Sivasana, Halasana, Matsyasana."""
463,"You may be familiar with HTML and HTML. If not, please visit our website for relevant tutorials."
464,"In the next line, type else and open the flower brackets and press Enter."
465,Those are cows.
466,All sorts of inks will serve your needs.
467,Recall that our file name is pointer_demo.cpp.
468,"""Take my yoke upon you, and learn from me, for I am gentle in heart, and gentle with compassion; for ye shall find refreshment for yourselves. For I am a gentle man of compassion, and humble of mind."""
469,We are now in the Teacher's dashboard.
470,"Now, in the Price before Tax field, I want Price to be 48.000."
471,Note that the servlet is similar to any other Java room.
472,We are using this keyword to call from one constructor to another.
473,I will enlarge the grid line using the slider tables and it will appear very soon.
474,My third wish is to be given self-knowledge.
475,"""For I will go away, when evil wolves shall enter into your midst, and will be greedy in their deeds to deceive you."""
476,Click on the logo twice to open Inkscape.
477,"""I am no longer worthy to be called thy son: make me thine own servant."""
478,Who was Kalidas?
479,"To do so, type the command in the terminal and press Enter. We have the desired output."
480,"""Do not destroy the work of God for food. All things are holy; yet it is not good for a man, if he eat, that he may be defiled."""
481,I will place the pendulum in the classroom.
482,"""Lichavi king Bhaskarvarma, Huns conqueror Yashodharma, Sri Krishnadevaraya (Great King of Vijayanagara Empire), Lalitaditya (A Great Warrior)..."""
483,Metal cutters are more durable than plastic cutters.
484,This is a summary of the Spoken Tutorial project.
485,"To reverse a string, we have written the code and named it reverse.awk. Recursive function is used to reverse the string."
486,"""For he shall be an adversary, and shall exalt himself above all things that are God's, and are worshipped, declaring himself to be God; and shall sit in the temple of God, and destroy himself as a sinner."""
487,Yoga is destroyed for the following six reasons.
488,These are created using the same commands given in the original file.
489,"""And when the Jews which were in the house with Mary, and comforted her, saw her rise quickly and go out, they followed her, supposing that she went to the sepulchre to weep thereon."""
490,"""After a little while another saw him, and said, Thou also art one of them. But Peter said, Man, I am not."""
491,Anger maker Angry day maker
492,Useful:
493,It calms your mind when you are angry or tired.
494,The story of the play should be informed by relevant events.
495,"""Here is an indicated indigenous medicinal plant which you can plant in your own house, which can be planted in your house, this plant is also good for your house."""
496,"else if conditional-expression2 is true, then perform action 2."
497,Makarana can also be called crocodile pose in English.
498,Drag the carbon to the left.
499,What did Rama do to convince Sugriva of his powers?
500,Boy displays respect in you.
501,This is called malnutrition.
502,We also have to define the move() method.
503,"""And when he was alone, the Twelve and them that were with him came to him, that he might speak with them."""
504,You all played.
505,Notice the output. We have recovered the original sequence of the indices.
506,Notice a small triangle to his left.
507,"Let us summarize. In this tutorial, we learnt about:"
508,The commands can be in a single word or multiple words and they are different using white space.
509,"To set user accounts,"
510,It says that you have seen your previous color one or more times.
511,Identify instance variables and static variables.
512,"""Peter answered and said unto him, Explain this parable unto us."""
513,"""There is only one God Vishnu as the supreme being, He is the All-Bhoodier, the Supreme Being, the Almighty, the One who is the Lord of all beings, the Infinite Lord, the one who is spread in all three beings and enjoys the world."""
514,"""And the Lord answered and said unto him, Who is a wise and faithful ruler, that the Lord his own house may give them their food in due season?"""
515,Skillful: One who is proficient in all kinds of activities.
516,The arrow is to drag the category up or down. It is a menu and has the gear icon settings. This is indicated by the down arrow.
517,"""He said unto her, Be thou honoured: for I will send thee far away unto the Gentiles."""
518,Do not pollute the air or sky.
519,Always click on the help icon to prioritize any field that has a guess.
520,These have opened the door to oxygen in the air and the development of many types of organisms.
521,Asana is classified as follows:
522,'Ach' is the name of Swarakhacharana.
523,"""Jap the Om Mantra in a relaxed posture, feel the vibrations in the body."""
524,"We will also learn to add, edit and hide nodes."
525,Sri Krishna solved the problem of Pandavas.
526,Let me put it as 1.
527,Sri Krishna places Arjuna's chariot between the two armies.
528,It is commonly called Isoprene.
529,You all heard the story.
530,Those two are cows.
531,Go to the toolbar and click on Apply button.
532,Let me right-click on the layer and select the Flatten image.
533,"Next, print the reverse complement using the built-in method Reverse complement of the sequence object."
534,It is possible to create brackets and use them according to the context as they exist in the equations.
535,Click on Fill in correct responses button. This will help you to see the correct answers of the question options.
536,"""Let us also learn to be zealous for good works, to be diligent in serving others, that our people may be unfruitful."""
537,"""But store up for yourselves treasures in heaven, where moth and rust do not devour, and where thieves do not break in and steal."""
538,We have minus c option.
539,Boy displays affection in that.
540,"""Knowing this first of all, that in the last days there shall come a scourge, speaking evil of them that walk in their own lusts,"""
541,"""And the city has no need of the sun, nor of the moon, to give it light: for the glory of God shines on it, and the Lamb is its lamp."""
542,This increases your energy. Exhale slowly and focus on the energy while inhaling.
543,"If we do not include any image in the logo, the Short name will also be used as the logo text. We will keep it as it is."
544,"""Then began he to preach in the surrounding villages, confusing them."""
545,Boy displays respect in these.
546,"""And it was the day of fasting, and the sabbath day was nigh."""
547,Let us demonstrate the use of static variables with an example.
548,Bhanda literally means Pidhyanam. It means Planning or Meeting.
549,It removes eye allergies and increases eye brightness and concentration.
550,We have defined a constructor with two parameters.
551,It helps in increasing blood pressure and helps in curing cardiac disorders.
552,"So, type public void showData( ) and within brackets type the following code to print id, name, branch and number of enrolled students."
553,Practice: Sit on the base posture.
554,Sita also left the royal garment.
555,Let us initialize the fields of the second object.
556,6.5 How are new plants grown?
557,Is a blackboard necessary?
558,Let us switch to GreetingServlet dot java.
559,It is said that the juice of water is fixed in the sun.
560,"To proceed, we have to create a database for FrontAccounting."
561,Notice that we have not initialized the value x. Awk initializes the initial value of x to zero.
562,"""He that calleth you is faithful, and he that calleth you shall do it."""
563,"So, let me open it."
564,You all know the fabric.
565,I will adjust the opacity slider as far as I can see the darker angle in the image.
566,Customers can also make deposits through miscellaneous cells.
567,The dashboard should be on top of J.
568,He is not a soldier.
569,"""And forgive us our debts, as we also forgive them that trespass against us: and lead us not into temptation, but deliver us from evil."""
570,Let us start with the back of the string.
571,"To use these options, check the check-box next to the subcategory that you want to drag."
572,The Spoken Tutorial Team conducts workshops using these tutorials. Those who pass an online test will also receive certificates.
573,It is a state of freedom from all thoughts or peace.
574,There is a program here.
575,We can see the village here.
576,Write a dot for cleansing the nostrils.
577,"""Then he put his hands on them, and departed from that place."""
578,4. One of the seeds is a white seed that comes out from the root.
579,"Create, delete, modify and finally delete data."
580,"""And as zealous for the gospel of peace, set your feet on the soles of your feet."""
581,Here std is the namespace where the entire standard C++ library is declared. Now click on Enter.
582,See the details here.
583,May there be peace and devotion.
584,These are two sheets.
585,Flowerblades. The flowerblade sits in confusion.
586,Type the file name as welcome.
587,"Similarly, we can assign Students to the course."
588,What do you eat?
589,The quality of the sky is the word.
590,Click on Add button at the bottom of the Activity selector.
591,Then click on the Enter Payment button at the bottom of the window.
592,"The Table environment is floated, so don't add it here. Add it directly."
593,And converted temperature is displayed.
594,Create a class named Welcome there.
595,There are two attachment buttons.
596,We have also learnt about the usefulness of layers.
597,Your phone receives an SMS.
598,"Similarly, we will learn to parse data files using functions in the Sequence Input-Output module."
599,"As you can see, the image is the opposite of what it is now. I will reduce the opacity to 50%."
600,Come back to your normal posture breathing in.
601,Yeti returns to Sanskrit.
602,You see another value in your interface.
603,Zoom in and click on the star once.
604,But the nature of industries will also change over time.
605,Milk comes from coconut milk.
606,Main is a special function.
607,"However, the date can be edited."
608,It sends the same message to all the selected students.
609,"After reading this lesson, you will learn:"
610,"In the Password text box, enter the password of your choice."
611,"Immediately, the recording software creates a movie."
612,This is achievement.
613,We have recorded the tutorial using the best resolution to help with the tools used in the tutorial.
614,"As always, I record it to 800/600 frames and reduce it to 640/480 frames. This way, it works on Apple TV."
615,Boy displays fondness in these.
616,Squeeze the cavity inwards and outwards.
617,"And it also provides certain secrecy options to protect against malicious web browsers, spyware, viruses, trojans or other malicious activities."
618,"It is also known to be a health enhancer, anti-inflammatory and a powerful medicine."
619,The output is renewed.
620,All the sounds of the alphabet originate in the veins of Shiva.
621,She knows all this.
622,Raja did not imitate Dilip's success.
623,XAMPP services have already been started before FrontAccounting interface is launched.
624,This statement prints the address of the variable num.
625,You all sit down.
626,"""Verily, verily, I say unto you, He that believeth on me, the works that I do, he also will do; and greater works will he do, because I go to my Father."""
627,"""And he that is in the field shall not go back to take his garment."""
628,Student knew mathematics.
629,The Indian science of shlokas or mantras or neck stabilization is one of the oldest in the world.
630,I am using Moodle 3.3 and Firefox web browser. You can use any web browser of your choice.
631,Plants in the ground take water from their roots in the soil.
632,This file is saved in your home folder as HIV_geneseq.fasta. Click on Enter.
633,You chant.
634,"""With mind restraint, the present moment is in the heart."""
635,You all worship.
636,"""Gyana, Vivekshvara, study of music and art can be represented as the goddess of knowledge, prudence and art."""
637,"""Am I then made free of you, because I speak the truth?"""
638,Let us see how to execute the same program in c++.
639,Click on the GL Account Classes link on the Maintenance panel.
640,"""This is the word of the world, that God gave him his Son, that whosoever believeth on him should not perish, but have eternal life."""
641,"To record this tutorial: Ubuntu 11.10 Operating System,"
642,Let me name it Account balance.
643,Save the default drop-down location as Home Folder.
644,"""And I saw the garments wrapped, and the garment of his head set apart in one place."""
645,"To follow this tutorial, you should have a background in Library Science."
646,"""Whom, after the determination and determination of God's providential decree, ye delivered up, and crucified, after ye had taken him, and had him crucified in the hands of ungodly men."""
647,Monkeys were chanting.
648,Maharishi Chaivan was an Indian Vedic sage.
649,This was the place where they all met.
650,Let us check the performance of each of the previous stages of growth.
651,"To get books and audio printers, please contact your central connector."
652,We will learn how to create a group in the course and send messages and notes to students.
653,"""Pesticides such as beehives, peacock, beehive, mosquitoes are examples."""
654,The proper Seed Mantra is also chanted with the names of Surya Lord.
655,This opens the File Browser window.
656,Specify the question in minutes and seconds. Anybody on our machine will answer it.
657,Click on Show Layer Mask.
658,Treatment is the practice of focusing on a particular gazing point.
659,It is also used for irrigation in Droni gardens.
660,You can use the terminal and
661,The FrontAccounting interface opens up.
662,"But if it is not used for teachers and students, then it should not be used for student users."
663,"In this tutorial, we will learn about the different types of function calls. They are:"
664,"""Many kinds of machinery have been made by man in the course of time, but the machines made by nature are incomplete."""
665,"""When have we seen thee a stranger, and welcomed thee in? or naked, and clothed thee?"""
666,The first data is in the zero index.
667,Click on Edit in the Menu bar and then on Preferences.
668,Make sure that you have completed this tutorial before moving on.
669,"""I tell you the truth, it will be more bearable for Sodom and Gomorrah on the day of judgment than for that city."""
670,"To save the file, press Ctrl S and run the program."
671,"""Philip was a citizen of Bethsaida, a village of Andrew and Peter."""
672,Let us change it to enumerate.
673,"""But Jesus, knowing their thoughts, said unto them, Why think ye thoughts in your hearts?"
674,"""That is to say, the scripture commands that the younger brother should not reign before the elder brother. You alone are worthy of kingship, but Yashvin is very pleased with Rama's generosity and sincerity."""
675,It helps in normalizing the breathing rhythm and helps in keeping the breath constantly in alignment.
676,Noise water is used.
677,"In this tutorial, I am going to talk about Gimp's identity and characteristics."
678,"""And they laid down their cloaks upon the colt, and put Jesus upon it, and mounted him."""
679,"""For they that accomplish the ministry well obtain honour, and glory in the faith which is in Christ Jesus."""
680,It stretches from the brain to the spinal cord.
681,Here is your assignment: Add a new subcategory 2nd Year Maths in Mathematics and delete the category Miscellaneous.
682,Breathe in. Place the weight on the chest. Raise the head and place it on the ground.
683,Keep the neck aligned with the back.
684,Basic is enough.
685,Go back to the terminal.
686,Let's move the mouse value inside the box and keep it there.
687,And four possible common errors and how to solve them.
688,Type: cd space slash user slash bin.
689,"""After they had supper, Jesus saith to Simon Peter, Simon, son of Jonah, lovest thou me more than these? He saith unto him, Verily, Lord, thou knowest that I love thee. He saith to him, Feed my lambs."""
690,"I go to File, click on Save As and change the spread extension from tif to jpg (JPG)."
691,Why is hygiene important for humans? Write four reasons.
692,"ii. To cleanse the skin, it is necessary to do ....................."
693,I will come up with different ideas.
694,We walked out of the zoo in the afternoon.
695,Boy displays trust in you all.
696,Let me add one and explain it later.
697,Paternal grandfather chanted the name of Krishna.
698,Bend the right leg with the knees and sit on the heel.
699,"""And when he had looked on them all around, he said unto him, Stretch out thy hand. And his hand was made whole as it was."""
700,"""But when Jesus spake a word unto him, his disciples came, and began to beseech him, saying, Repeat her, for she cometh after us, crying out."""
701,This is a daily tutorial where you will get useful information.
702,"Here, we will execute a query to delete the submitted book from the entry Checkout table."
703,"""They love the chief seats in the synagogues, and the chief places at meals;"""
704,What if we want to delete a folder containing multiple files and subfolders?
705,She does not want a reward.
706,She has more flowers like that.
707,Marichasana Status: Dandasana
708,"""Not one of them shall perish."""
709,Boy has respect in me.
710,Click on Create a new question button and double-click on the Short answer option.
711,Characterized atoms appear in blue colour.
712,"As you can see, the Earth's physical environment changes and the evolution of organisms is affected."
713,"""For this cause we have also prayed for the light of the gospel, that we may see your voice, and make your faith fail, wherein we fail."""
714,It is also important to provide food in the light of social values.
715,"""Unless I put new wine in a new bottle, I put no more wine out of my bottle."""
716,"Immediately, the download will start. Click on Save File button and click on OK button."
717,"""But we speak the wisdom of God, the mystery and mystery, which was hid in God's secret, which God for our glory ordained before the ages of the worlds."""
718,It has a message of success.
719,"""And say, If we had lived in the days of our fathers, we would not have taken part with them in the slaughter of the prophets."""
720,You all must be saved.
721,"Some common applications like Calculator, Text Editor, Terminal, Firefox Web Browser, Videos, LibreOffice Suite components and Home folder."
722,Notice that the response.jsp file appears in the Projects window under the index. jsp file.
723,The Spoken Tutorial Project Team conducts workshops and gives certificates for passing an online test.
724,3. How is urine made? Which substances are present in urine?
725,"Here, I will again enter the value of 8 for b."
726,This article is a contribution of Priyanka Maha Bhaga.
727,Compile as before.
728,"So, these brushes here can be used to create a fake water colour or to frame an image."
729,Concentrate on conscious breathing or Pranayama.
730,Repeat the exercises repeatedly and inhale loudly.
731,Children heard the story.
732,Some of these have benefits and some are harmful.
733,Centering can be defined as centering in a cell.
734,"""And when they had been there many days, Festus informed the king of Paul's cause, and began to speak with him: and Felix left Paul a prisoner bound."""
735,"""They are made of iron, steel, iron, aluminum etc."""
736,Boy displays fondness in them.
737,"""After digesting a meal, when a person goes to eat next to it, it is called digestion."""
738,It is very difficult to understand Geeta in the sense of Sanskrit knowledge.
739,Rakshana: One who is the protector of the Triloki.
740,"""For the law of the Spirit of life hath made me free through Jesus Christ unto the law Of sin, and to the Law of death."""
741,Raise your legs (as far as possible) and keep your legs erect and stretch the body as far as you can.
742,I will delete the details as my proxy does not require authentication.
743,Vampire called for mantha war.
744,I know this is normal behavior. Gopal replied. He said.
745,Enter your admin password and click on Authenticate button.
746,Let me tell you about declaring a string.
747,Let us change the opacity of the arrows.
748,Let us call the method in the main method.
749,Type: grep space minus i spacewithin double quotes ankit space saraf after the double quote space grepdemo.txt
750,"If not, please visit our website for relevant tutorials."
751,Locate the zip file size of 30Mb and click on Open.
752,Step 4: Chaturanga Dandasana
753,The error indicates that we have to give an implementation to the Animal interface.
754,"""But if any man stumble one of these little ones that believe on me, it would be better for him to be bound with a chain around his neck, and to be baptized into the sea."""
755,"""And Judah the Samaritan begat Peresera, whose son was Peresra, and his son was Hezron."""
756,"To do so, a window Save File opens that tells us to fill in the File name."
757,The works of poets are poems.
758,"""Paul answered and said, I stand before the judgment seat of Caesar, where I ought to be judged: I have done the Jews no wrong, as thou knowest thyself well."""
759,"""And the multitude stood, and the rulers cried out, saying, This man saved others; let him save himself now, if he be the Christ of God, the Chosen One."""
760,They invaded the country.
761,Veeta has the following characteristics:
762,We can resize and rotate the star using a different handle.
763,Course category is set by the admin.
764,"Now type ""$ ls space -l space example1 "" and press Enter."
765,You can see some area code shapes. Click on the triangle and drag it on the canvas. Type the kaiser colour and remove the Stroke.
766,Bend the fingers together and align the head and trunk.
767,"""If any man examine himself, he shall be an object of the Lord's use in every good and honourable thing."""
768,"""For if ye have not received the Holy Ghost, the Son is Christ."""
769,It creates a declarative region and defines a scope.
770,Benefits and harmful effects of bacteria
771,"""Before the sewing machine came, sewing machines were used for sewing cloth."""
772,"""Flowers produce insects in their own colour and females give birth to fungi. Female fungi go to the fungi and produce fruit in flowers."""
773,"""Then the king answered and said unto him, As much as thou wilt say, I will give it unto thee."""
774,"After this tutorial, you will be able to complete your drawing and praise yourself."
775,"Now, let us start this tutorial today."
776,We can see that the homepage of Glassfish Server is visible.
777,Click on the mouse link to get the hyperlink address details.
778,Now I have learnt a good way to get the color index.
779,Let me configure the CD design layer.
780,"""For by the blood of the Lamb, and by the word of their testimony: and they were not beaten, neither loved, and were grieved to die in their hearts."""
781,Let's run the code. Run Protect.
782,Keep the palms on the ground close to the legs.
783,Now I will click on Scale and get the image that is measured.
784,"If the default option is not selected, select Default for Calculus."
785,"11 and Rajuim values are sent to the constructor. So, that's it."
786,Now click on the button Next from this field.
787,Then restart the lesson.
788,Girls like to dance.
789,The age must be a positive integer.
790,"In this context, it should be represented as zero because there is less use here."
791,"""Then went forth the seven angels which had the seven trumpets, to blow them."""
792,I get a good grade.
793,Now we will learn how to use this keyword.
794,I know the book.
795,"Based on this tutorial, the Spoken Tutorial Team conducts workshops."
796,"""And when they had received them, they came down and received the letter, and came to Antioch, and received it from the church."""
797,"For more details, please visit the following link."
798,"""Thou teachest others, teachest thou not thyself? Thou preachest, and forbidst, and hast forbidden all things, and stealest thysellest?"""
799,The General menu has two sliders: Quality and Fog.
800,Please do not ask inconsistent questions. This will avoid confusion and confusion.
801,"""And if they shall not stand, they shall be replanted: for God is able to replant them."""
802,Click on Save.
803,"""Then Jason and his companions were released, having received a fine."""
804,It helps to create different quizzes for each academic year or for different subjects.
805,A given number is the PID of the existing shell.
806,1. Asana supports the development of the person.
807,"If so, please refresh after a while."
808,I wrote a Sanskrit song.
809,Asanas to be performed with abdominal muscles Makarasana 1
810,"Here, the file ABC is in the XYZ file."
811,"This is because if you change any method to final, you have to override it."
812,"""There are talents, the most beloved, the best of geniuses are far removed from the manifestation."""
813,Now enter the password and click on login.
814,"Now, let us look at the URL."
815,"On the Background layer, I will copy a copy of the original."
816,"Here, the first layer is to create a sequence record object."
817,He received gifts from the gods.
818,Ancient Indians knew about the disease of rice.
819,"""For it is hard for him that doeth good to lay down his life for a man: but for a righteous man there is no man willing to lay up his life."""
820,"Again, click on the Account Description drop-down box and select Capital option."
821,"If the line errorMsgs is not empty, we will display errorMgs in addUser dot jsp."
822,Now click on Save.
823,"""What shall we say then of our father Abraham?"""
824,"As you can see, we are using only the default keyword."
825,"For more details, please visit the following link:"
826,Again Antialiasing is for soft regions.
827,"On this page, Tag number 010 does not appear."
828,Right-click on the Sample.java file in the Projects window.
829,Let's learn to reconcile and reconcile the Bank Account.
830,Boy has faith in you all.
831,Let us use the keyword const to start a read-only variable.
832,"To record this tutorial, I am using: Ubuntu Linux OS 16.04 and Koha version 16.05."
833,"""Which need not every day, as the chief priests, to offer sacrifices first for their own sins, and then for the sins of the people: for he hath done this once, when he hath offered himself."""
834,"""And if Satan cast out Satan, and be divided against himself, how shall his kingdom stand?"""
835,Click on Go to receipt page.
836,"""And as he went to the end, behold, there came a certain man running, and worshipping him, said, Master, what must I do, that I may inherit eternal life?"""
837,"If you do not get any error messages, then know that Biopathon is installed."
838,Then go to the tab 245 TITLE STATEMENT:
839,"""Neither do I consider him worthy of my life for a burden, nor dearer to me than my own life, that I may lay hands on the ministry which I have received out of the Lord Jesus, to bear witness of the gospel of the grace of God."""
840,"""With this communion we declare ourselves as servants of God, commending God in praise of all men, having a good reputation and honourable reputation."""
841,"Now the area here is dark and this is white and maybe it is too white, so I will drag it down."
842,"""And when the multitude saw that they were departing, and the multitudes knew him, they departed far from their cities, and walked before them unto him."""
843,"Sometimes, the log file does not display the orbital details."
844,Enter your username as Su and press Enter.
845,"When you finish typing, check the Correctness field. This will show your typing accuracy."
846,"Now, let us look at the laptop."
847,"Move the body from the knees to the soles of the feet in opposite directions to the right and left, i.e. the direction of the clock needles and the direction opposite to the needles."
848,Scroll down and click on Save changes button.
849,"Medhaya: May Goddess Ma Saraswati, who bestows compassion and glory, rejoice in us and come to our side."
850,It has to be strengthened.
851,But it doesn't look good. So change the tenth.
852,Now delete the format specifier.
853,"""People say Saraswati is the voice of the goddess."""
854,"""Yagyapati: One who is the master of the Yogis."""
855,"Click on Save. First, we will convert the header file to iostream."
856,Boy displays friendship in them.
857,The code is written in awk BEGIN section.
858,"In the course page, the Forum name appears as a link to the forum."
859,Let's add another block. Click on Add a block menu on the left.
860,"As we go up, the Unit penalty field will be 0.1. I will make it 0.5."
861,Supantah: One who is beautiful in appearance.
862,"To add a DNA molecule, go to Build menu next to Insert and click on DNA/RNA in the sub-menu."
863,The Preference Window displays multiple Tabs.
864,"The settings for the visiting card,"
865,Please use both the commands to see for yourself.
866,Do you listen to music?
867,Details of the downloads
868,You can place your hands on the head but it is important to note that the hands do not touch the head.
869,"Let us summarize. In this tutorial, we have learnt the following topics."
870,"If not, add some errors with logic or algorithm."
871,This is evidenced by the teachings of the Sanskrit system of work.
872,"""And when they had gauged the water, they perceived that it was twenty feet high, and went a little further; and gauging the water again, they found there ten feet high."""
873,You will also learn how to type the blank screen view every time you type.
874,There are various plug-ins for teachers and site administrators in Moodle.
875,We get the output as We have successfully run a java program.
876,"Given two equal answers, we get 1 integer."
877,What flower?
878,Bhrashtra - This vessel is used to digest most of the eggs.
879,The Surfaces settings dialog box opens. Drag the slider to adjust opacity.
880,"""And when they saw all the people that went out to meet Jesus, they beseeched him, saying, Come into our border."""
881,Fill in the following blank spaces with the correct words.
882,We will now log in using username Bella and password.
883,Fill the chest with air and place the head on top of the inhaler.
884,This URL is based on the port number and domain name given by sys-ad during installation.
885,It is rotated to 90 degrees.
886,Click on the Home folder.
887,"""But woe unto you that are rich! Be ye filled: for ye shall be filled, and ye shall hunger."""
888,You can access it by right-clicking on the connection node.
889,Natarajo is also a name of Lord Shiva.
890,Some of the key elements of vegetarian diets related to nutrition can be found in many different ways.
891,"""For God hath not appointed us for wrath, but for the power of salvation by our Lord Jesus Christ,"""
892,"""And he said unto them, Why do ye go out debating these things among yourselves?"""
893,"""Agradhyayah: One whose functions cannot be perceived."""
894,He was the first man to appear and become very brilliant. He gave birth to the body and the body after birth.
895,Arjuna is here.
896,May the God of peace be with you all. Amen.
897,Now turn off this Firefox window.
898,"""And when the chief shepherd cometh, ye shall receive a crown of glory, which shall not wax dull, nor wax dull."""
899,Let's face it. We are done with this image and the tutorial idea. We have come to the end of the document.
900,"""And they sat down, and laid their hands on him, and sat down."""
901,Children will wear new clothes.
902,Earth's orbit is completed in 365 days.
903,"An embedded course is displayed in the one assigned to the course i.e. Admin, Course creator, Teacher, Manager."
904,Rama and Lakshmana sought Sita far away but they could not find Sita.
905,Food gives strength to our body.
906,The activity of joints is very important.
907,3. There are various types of odor-specific messages from nostrils to the brain.
908,Soldier exits.
909,"So, I will select a different color from the background colour. What is it here?"
910,Spoken Tutorial Team conducts workshops using spoken tutorials.
911,"""The purpose of this practice is to introduce you to the three different components of breathing (abdominal, pelvic and elbows) and to incorporate them into full yoga posture."""
912,This brings us to the end of this tutorial.
913,These options are similar to those found in other word processor applications.
914,We have successfully installed the XAMPP server.
915,Increase eye pressure.
916,"""For he that drinketh milk is not of the word of righteousness, neither is he unfruitful as a child."""
917,"""Then went they, and saw everything as it was; and they prepared the passover."""
918,Mooney leaves his family.
919,Letters in perspective
920,Exhale and bring the left leg forward next to the right leg and reach down with your upper body touching the forehead to the knees as in Step 2.
921,Let's go back to the terminal. Let me clear the prompt.
922,"Here, dollar 1 represents the first field, i.e. roll number. The value is dollar 6 multiplied by zero point 3'. Dollar six is the value of the stamp."
923,Students watched the play.
924,"To do so, go to the top-right corner. Click on spoken tutorial library. From the drop-down, click on Log out."
925,"""Therefore, when I come again, I fear that I shall be grieved, that I may bow down to my God, and see the repentance of them that have sinned before, and have repented not of the fornication, and the whoredoms, and fornications, which they committed."""
926,I will leave them blank.
927,Readers question: 8.3
928,"Type (hash) #include, space, opening angle bracket, closing angle brackets."
929,"So, I go to Filters >> Enhance >> Sharpen, respectively."
930,Click on Stop to pause the auto optimization action.
931,3. Varahamihir
932,Spoken Tutorial Project is part of the Talk to a Teacher Project.
933,It tells us to give write permission to the directory.
934,Export the file in eps format and watch it.
935,Let me now talk more about Paintbrush and how to select brushes for painting.
936,Naikamai: One who possesses many Maya.
937,"""Which cause I boast in God through Jesus Christ."""
938,You are an archetype.
939,"To do so, we have the option Birthday."
940,"""Then said Jesus unto them, A prophet is without honour, except in his own country, and in his family, and among his own household."""
941,"""And I saw, and behold, a scarlet horse; and the dragon, whose name is Death, followed him: and to him was given dominion over the fourth part of the earth, that he might kill them with the sword, and with pestilence, and disease, and wild beasts, and all the earth; and power was given unto him to kill them."""
942,iv. Pramasthiskana
943,"We have started well with the cropping of the image. In the next tutorial, I will show you what can be done with an image."
944,Let me go to the terminal and clear it.
945,Let us go back to the slides and learn about the main function.
946,"""Bhakti influences joy, divine bliss, peace and knowledge."""
947,"""Those who preside over the church, especially they that labor in the word of God and in teaching, are worthy of double honor."""
948,"""Behold, a man is justified by works, not by faith without hypocrisy."""
949,"""When Paul had accomplished all these things, he made up his mind to go up to Jerusalem through Macedonia and Achaia; saying, When I shall pass through, I must also see Rome."""
950,The output displays GC content in percentage.
951,It looks new.
952,Note that all C files have .c(dot C) extension.
953,Sadgati: One whose speed is supreme.
954,"So, I will select the Clone Tool and resize the Brush."
955,"""That he might make known the many mysteries of God, which are now manifested in the church, to the chief angels and rulers in the heavens, in Christ Jesus."""
956,"""Kudi Leaf - It is a small tree growing to a height of 6 meters. Its leaves are parallel and 10-12 in number."""
957,"As a result, we see Hello Space World."
958,"In the prompt, type the date space plus percentage symbol as small as h and press Enter."
959,"""May the Lord have mercy on the household of Bernicepharus, for he has shown me much compassion."""
960,Browse the path of the following folder.
961,Ubuntu Linux OS is characterized by having multiple workspaces or desktops.
962,"In the new window that opens here, type the username of your choice. I want it to be frontacc as user name."
963,"A message appears saying, Journal entry has been entered"
964,Search for Locate the image.
965,"""And by him we have obtained a new covenant, which is not by the written word, but by the Spirit: for the letter is death, but the Spirit is life."""
966,The level field data is now displayed as 2.
967,"It works on Linux, Mac OS and Windows."
968,---Add the audio @02:32 from the tutorial nstallation of FrontAccounting on Window OS timing 08:10 to 08:30---
969,The following five plants are famous for their divine qualities and their relationship with the goddess.
970,"""Behold, I have given you authority to trample on serpents, scorpions, and beetles, and all mighty powers: and nothing shall hurt you at all."""
971,"""Inhale, inhale without any pressure. This inhalation should be filled normally."""
972,"""Or have ye not read, That a man shall leave his father and his mother, and shall be joined to his wife; and the two shall become one flesh?"""
973,"""And Zechariah said unto the angel, How shall I know this? for I am an old man, and my wife is an old woman."""
974,"So, let us list only the changes here."
975,"If the student wants to automatically choose their status, fill in the fields in this section."
976,"In the Home page, click on Cataloging."
977,While loop
978,The output of the ls command serves as the input for the wc command.
979,"To connect a printer to a computer,"
980,"""And the rest of them went forth, and took wood from the ship, and sailed by ship, or by vessels, or whatever was available to them: and every man fell to the ground, and departed alive."""
981,"If all the conditions are false, the last Else section will be executed."
982,Select MMFF94 Force Field and click on Start button.
983,Bhutakar: One who is the creator of all beings.
984,"A file has a single name, multiple spellings, administrative details, date of creation, modification of a file, etc."
985,There are three types of fire words - touch and touch.
986,"Under the Coordination Compounds, we learnt about geometry representation and nanotube structure."
987,This prevents the heating of the machine.
988,There are nostrils in both eyes.
989,Let us enter stlibreoffice@gmail.com and info@spoken-tutorial.org in Bcc.
990,"Here, the first field is the role number and the sixth field student is the staple."
991,This tutorial on Blocks in Admin's Dashboard explains how to add and remove blocks.
992,"""Many ancient Indian texts give rules for the safety and health of cows."""
993,"""Among whom are they also, who have been called by Jesus Christ, to believe for his name, and to be ambassadors to the Gentiles:"""
994,"""Exhale deeply, exhale out loudly."""
995,"""Before the rooster crows, thou shalt lie down on me three times: and Peter, when he had said unto him, Jesus, go out, and take up his face of sorrow."""
996,The patient gives thanks to the physician for the treatment of the disease.
997,"""Nathanael answered and said unto him, Can any good thing come out of Nazareth?"""
998,"So, I will drag it to the toolbox. It is here."
999,"There are settings for edit, hide, duplicate and delete of the resource. These details are available at the following link."
1000,Expand the body slightly and close the eyes completely relaxing the body.
